record_id,source_pdf,source_doi,source_page,source_table,extraction_method,compound_id,compound_name,smiles_raw,inchikey,pubchem_cid,structure_resolution,endpoint_raw,value_raw,unit_raw,sem_raw,qualifier,endpoint_std,value_std,unit_std,conversion_note,target_raw,target_std,assay_type_raw,assay_type_std,organism,cell_line,conditions,validation_status,duplicate_level,conflict_group_id,notes
9a53e20b-a7ea-4f3b-b939-452f3a06a8d3,1-s2.0-S0960894X08008214-main.pdf,10.1016/j.bmcl.2008.07.054,3,Table 1,pdfplumber_table,15a(levorphanol),,,,,,Ki,0.21,nM,0.017,,Ki,0.21,nM,already canonical,l,OPRM1,binding,binding,,,,valid,,,
a533cb9b-7fdf-48b9-9c0c-5c0c5b6570f5,1-s2.0-S0960894X08008214-main.pdf,10.1016/j.bmcl.2008.07.054,3,Table 1,pdfplumber_table,15a(levorphanol),,,,,,Ki,4.2,nM,0.45,,Ki,4.2,nM,already canonical,d,OPRD1,binding,binding,,,,valid,,,
4a2c3b00-c07a-442c-99f1-4b8c16aa4c30,1-s2.0-S0960894X08008214-main.pdf,10.1016/j.bmcl.2008.07.054,3,Table 1,pdfplumber_table,15a(levorphanol),,,,,,Ki,2.3,nM,0.26,,Ki,2.3,nM,already canonical,j,OPRK1,binding,binding,,,,valid,,,
e4f3cbbc-2f51-4c85-9f83-cf33aeddc616,1-s2.0-S0960894X08008214-main.pdf,10.1016/j.bmcl.2008.07.054,3,Table 1,pdfplumber_table,5a(MCL-101),,,,,,Ki,0.23,nM,0.01,,Ki,0.23,nM,already canonical,l,OPRM1,binding,binding,,,,valid,,,
fa1a9215-402f-40cb-ba36-e41e7d5dc4a3,1-s2.0-S0960894X08008214-main.pdf,10.1016/j.bmcl.2008.07.054,3,Table 1,pdfplumber_table,5a(MCL-101),,,,,,Ki,5.9,nM,0.55,,Ki,5.9,nM,already canonical,d,OPRD1,binding,binding,,,,valid,,,
a349fc54-7379-47f5-8a85-cf1f2bc86306,1-s2.0-S0960894X08008214-main.pdf,10.1016/j.bmcl.2008.07.054,3,Table 1,pdfplumber_table,5a(MCL-101),,,,,,Ki,0.079,nM,0.003,,Ki,0.079,nM,already canonical,j,OPRK1,binding,binding,,,,valid,,,
011e3492-1cc3-4de2-aa4f-516f8de6b1ee,1-s2.0-S0960894X08008214-main.pdf,10.1016/j.bmcl.2008.07.054,3,Table 1,pdfplumber_table,3b(butorphanol),,,,,,Ki,0.22,nM,0.012,,Ki,0.22,nM,already canonical,l,OPRM1,binding,binding,,,,valid,,,
f6286bdc-7c5d-4056-884b-d220fcc802a1,1-s2.0-S0960894X08008214-main.pdf,10.1016/j.bmcl.2008.07.054,3,Table 1,pdfplumber_table,3b(butorphanol),,,,,,Ki,12,nM,1.1,,Ki,12.0,nM,already canonical,d,OPRD1,binding,binding,,,,valid,,,
ee6076ec-0805-400f-841f-ed9e7236d5b3,1-s2.0-S0960894X08008214-main.pdf,10.1016/j.bmcl.2008.07.054,3,Table 1,pdfplumber_table,3b(butorphanol),,,,,,Ki,0.12,nM,0.12,,Ki,0.12,nM,already canonical,j,OPRK1,binding,binding,,,,valid,,,
3e7a6a52-ec39-419e-8af7-9f9c00c15954,1-s2.0-S0960894X08008214-main.pdf,10.1016/j.bmcl.2008.07.054,3,Table 1,pdfplumber_table,4a(MCL-474),,,,,,Ki,2.7,nM,0.36,,Ki,2.7,nM,already canonical,l,OPRM1,binding,binding,,,,valid,,,
b5711dd9-04ce-4578-aecb-731e507ada26,1-s2.0-S0960894X08008214-main.pdf,10.1016/j.bmcl.2008.07.054,3,Table 1,pdfplumber_table,4a(MCL-474),,,,,,Ki,190,nM,12,,Ki,190.0,nM,already canonical,d,OPRD1,binding,binding,,,,valid,,,
abb7bd75-0b0c-4870-bfe2-101feeb796d5,1-s2.0-S0960894X08008214-main.pdf,10.1016/j.bmcl.2008.07.054,3,Table 1,pdfplumber_table,4a(MCL-474),,,,,,Ki,0.87,nM,0.042,,Ki,0.87,nM,already canonical,j,OPRK1,binding,binding,,,,valid,,,
1157b6cc-b0d7-4826-9243-ea53cfbe39f9,1-s2.0-S0960894X08008214-main.pdf,10.1016/j.bmcl.2008.07.054,3,Table 1,pdfplumber_table,4b(MCL-488),,,,,,Ki,0.32,nM,0.019,,Ki,0.32,nM,already canonical,l,OPRM1,binding,binding,,,,valid,,,
00e914b2-eb5a-44ee-9f8a-70c1c314a5ac,1-s2.0-S0960894X08008214-main.pdf,10.1016/j.bmcl.2008.07.054,3,Table 1,pdfplumber_table,4b(MCL-488),,,,,,Ki,63,nM,1.4,,Ki,63.0,nM,already canonical,d,OPRD1,binding,binding,,,,valid,,,
126e4259-03dd-422c-9c3b-6c4770ec66ed,1-s2.0-S0960894X08008214-main.pdf,10.1016/j.bmcl.2008.07.054,3,Table 1,pdfplumber_table,4b(MCL-488),,,,,,Ki,0.48,nM,0.10,,Ki,0.48,nM,already canonical,j,OPRK1,binding,binding,,,,valid,,,
811f5502-8edf-4de7-8de2-3c94e6fb5b44,1-s2.0-S0960894X08008214-main.pdf,10.1016/j.bmcl.2008.07.054,3,Table 1,pdfplumber_table,4c(MCL-489),,,,,,Ki,2.3,nM,0.12,,Ki,2.3,nM,already canonical,l,OPRM1,binding,binding,,,,valid,,,
cad90d3f-1c83-4da8-a662-0f45f6f4863a,1-s2.0-S0960894X08008214-main.pdf,10.1016/j.bmcl.2008.07.054,3,Table 1,pdfplumber_table,4c(MCL-489),,,,,,Ki,96,nM,10,,Ki,96.0,nM,already canonical,d,OPRD1,binding,binding,,,,valid,,,
01631a2c-04e6-484d-b169-58040a6c2094,1-s2.0-S0960894X08008214-main.pdf,10.1016/j.bmcl.2008.07.054,3,Table 1,pdfplumber_table,4c(MCL-489),,,,,,Ki,1.3,nM,0.21,,Ki,1.3,nM,already canonical,j,OPRK1,binding,binding,,,,valid,,,
5b5ebdb4-dcec-4b57-b04b-3f78f18b9a2c,1-s2.0-S0960894X08008214-main.pdf,10.1016/j.bmcl.2008.07.054,3,Table 1,pdfplumber_table,4d(MCL-603),,,,,,Ki,0.061,nM,0.006,,Ki,0.061,nM,already canonical,l,OPRM1,binding,binding,,,,valid,,,
a3435f7e-db54-4ccb-8465-93b9ad9434e4,1-s2.0-S0960894X08008214-main.pdf,10.1016/j.bmcl.2008.07.054,3,Table 1,pdfplumber_table,4d(MCL-603),,,,,,Ki,22,nM,1.8,,Ki,22.0,nM,already canonical,d,OPRD1,binding,binding,,,,valid,,,
97873f42-a47d-4621-8515-0622aa076663,1-s2.0-S0960894X08008214-main.pdf,10.1016/j.bmcl.2008.07.054,3,Table 1,pdfplumber_table,4d(MCL-603),,,,,,Ki,0.048,nM,0.003,,Ki,0.048,nM,already canonical,j,OPRK1,binding,binding,,,,valid,,,
d0e9b513-c962-431d-aba5-2140d556dfdc,1-s2.0-S0960894X08008214-main.pdf,10.1016/j.bmcl.2008.07.054,3,Table 1,pdfplumber_table,4e(MCL-601),,,,,,Ki,15,nM,1.6,,Ki,15.0,nM,already canonical,l,OPRM1,binding,binding,,,,valid,,,
b8df8106-4781-48a8-ae1c-1024962ec3b7,1-s2.0-S0960894X08008214-main.pdf,10.1016/j.bmcl.2008.07.054,3,Table 1,pdfplumber_table,4e(MCL-601),,,,,,Ki,690,nM,16,,Ki,690.0,nM,already canonical,d,OPRD1,binding,binding,,,,valid,,,
7176cac1-dd47-455c-8444-ddfafd285851,1-s2.0-S0960894X08008214-main.pdf,10.1016/j.bmcl.2008.07.054,3,Table 1,pdfplumber_table,4e(MCL-601),,,,,,Ki,18,nM,1.2,,Ki,18.0,nM,already canonical,j,OPRK1,binding,binding,,,,valid,,,
3b0ab300-7c6c-47b5-85f0-e611814f61dd,1-s2.0-S0960894X08008214-main.pdf,10.1016/j.bmcl.2008.07.054,3,Table 1,pdfplumber_table,4f(MCL-602),,,,,,Ki,0.22,nM,0.003,,Ki,0.22,nM,already canonical,l,OPRM1,binding,binding,,,,valid,,,
e3d9f2d5-2c22-444b-b86a-49d4314debb3,1-s2.0-S0960894X08008214-main.pdf,10.1016/j.bmcl.2008.07.054,3,Table 1,pdfplumber_table,4f(MCL-602),,,,,,Ki,23,nM,1.7,,Ki,23.0,nM,already canonical,d,OPRD1,binding,binding,,,,valid,,,
c68b0aeb-8ad5-448f-8138-1bc8ae67236b,1-s2.0-S0960894X08008214-main.pdf,10.1016/j.bmcl.2008.07.054,3,Table 1,pdfplumber_table,4f(MCL-602),,,,,,Ki,0.21,nM,0.009,,Ki,0.21,nM,already canonical,j,OPRK1,binding,binding,,,,valid,,,
e9c2474e-bde8-47a7-abd0-8fa5f0cdb742,1-s2.0-S0960894X08008214-main.pdf,10.1016/j.bmcl.2008.07.054,3,Table 1,pdfplumber_table,5a(MCL-486),,,,,,Ki,55,nM,3.4,,Ki,55.0,nM,already canonical,l,OPRM1,binding,binding,,,,valid,,,
46e86f46-ba78-43a0-92ff-0d35482e990b,1-s2.0-S0960894X08008214-main.pdf,10.1016/j.bmcl.2008.07.054,3,Table 1,pdfplumber_table,5a(MCL-486),,,,,,Ki,760,nM,5.3,,Ki,760.0,nM,already canonical,d,OPRD1,binding,binding,,,,valid,,,
33c17925-b108-411f-9b24-9f9d34b00798,1-s2.0-S0960894X08008214-main.pdf,10.1016/j.bmcl.2008.07.054,3,Table 1,pdfplumber_table,5a(MCL-486),,,,,,Ki,67,nM,7.7,,Ki,67.0,nM,already canonical,j,OPRK1,binding,binding,,,,valid,,,
1f184e39-959a-4a96-9672-412b45c76c08,1-s2.0-S0960894X08008214-main.pdf,10.1016/j.bmcl.2008.07.054,3,Table 1,pdfplumber_table,5b(MCL-485),,,,,,Ki,18,nM,1.6,,Ki,18.0,nM,already canonical,l,OPRM1,binding,binding,,,,valid,,,
543ec5ed-7b17-410b-a953-ea144383a873,1-s2.0-S0960894X08008214-main.pdf,10.1016/j.bmcl.2008.07.054,3,Table 1,pdfplumber_table,5b(MCL-485),,,,,,Ki,490,nM,13,,Ki,490.0,nM,already canonical,d,OPRD1,binding,binding,,,,valid,,,
47e40df5-8b74-43b7-b0f6-3f6abcb4fb4d,1-s2.0-S0960894X08008214-main.pdf,10.1016/j.bmcl.2008.07.054,3,Table 1,pdfplumber_table,5b(MCL-485),,,,,,Ki,8.6,nM,1.2,,Ki,8.6,nM,already canonical,j,OPRK1,binding,binding,,,,valid,,,
f4fddf33-3891-416f-932f-91f9df2fe290,1-s2.0-S0960894X08008214-main.pdf,10.1016/j.bmcl.2008.07.054,3,Table 1,pdfplumber_table,5c(MCL-499),,,,,,Ki,21,nM,,,Ki,21.0,nM,already canonical,l,OPRM1,binding,binding,,,,valid,,,
b3574454-98ac-437f-8527-daed07151493,1-s2.0-S0960894X08008214-main.pdf,10.1016/j.bmcl.2008.07.054,3,Table 1,pdfplumber_table,5c(MCL-499),,,,,,Ki,670,nM,,,Ki,670.0,nM,already canonical,d,OPRD1,binding,binding,,,,valid,,,
21a860cc-b4bb-499a-82bf-f08e1a02f201,1-s2.0-S0960894X08008214-main.pdf,10.1016/j.bmcl.2008.07.054,3,Table 1,pdfplumber_table,5c(MCL-499),,,,,,Ki,28,nM,,,Ki,28.0,nM,already canonical,j,OPRK1,binding,binding,,,,valid,,,
ac901b50-f62d-47a0-a1c5-1d104a954bdf,1-s2.0-S0960894X08008214-main.pdf,10.1016/j.bmcl.2008.07.054,3,Table 1,pdfplumber_table,5d(MCL-600),,,,,,Ki,10,nM,1.1,,Ki,10.0,nM,already canonical,l,OPRM1,binding,binding,,,,valid,,,
0b82e00f-2604-42c8-8f1a-3f8c84df5c4d,1-s2.0-S0960894X08008214-main.pdf,10.1016/j.bmcl.2008.07.054,3,Table 1,pdfplumber_table,5d(MCL-600),,,,,,Ki,500,nM,27,,Ki,500.0,nM,already canonical,d,OPRD1,binding,binding,,,,valid,,,
7d3cd07c-d706-40ab-a598-ecb595fc6fea,1-s2.0-S0960894X08008214-main.pdf,10.1016/j.bmcl.2008.07.054,3,Table 1,pdfplumber_table,5d(MCL-600),,,,,,Ki,9.0,nM,0.76,,Ki,9.0,nM,already canonical,j,OPRK1,binding,binding,,,,valid,,,
c4b3194c-de77-471e-afdc-34f6b575c4cb,1-s2.0-S0960894X08008214-main.pdf,10.1016/j.bmcl.2008.07.054,3,Table 1,pdfplumber_table,5e(MCL-604),,,,,,Ki,16,nM,,,Ki,16.0,nM,already canonical,l,OPRM1,binding,binding,,,,valid,,,
ff0bed3e-a707-4d5b-88a6-537f1b1a98c3,1-s2.0-S0960894X08008214-main.pdf,10.1016/j.bmcl.2008.07.054,3,Table 1,pdfplumber_table,5e(MCL-604),,,,,,Ki,1500,nM,,,Ki,1500.0,nM,already canonical,d,OPRD1,binding,binding,,,,valid,,,
4736db12-fd40-4ae6-987f-fb5633b39334,1-s2.0-S0960894X08008214-main.pdf,10.1016/j.bmcl.2008.07.054,3,Table 1,pdfplumber_table,5e(MCL-604),,,,,,Ki,28,nM,,,Ki,28.0,nM,already canonical,j,OPRK1,binding,binding,,,,valid,,,
4030c518-b554-4ca0-ac6a-8b2a3628badd,1-s2.0-S0960894X08008214-main.pdf,10.1016/j.bmcl.2008.07.054,3,Table 1,pdfplumber_table,5f(MCL-605),,,,,,Ki,3.9,nM,,,Ki,3.9,nM,already canonical,l,OPRM1,binding,binding,,,,valid,,,
ee41227f-67b0-4c48-a3ac-8022798a1616,1-s2.0-S0960894X08008214-main.pdf,10.1016/j.bmcl.2008.07.054,3,Table 1,pdfplumber_table,5f(MCL-605),,,,,,Ki,930,nM,,,Ki,930.0,nM,already canonical,d,OPRD1,binding,binding,,,,valid,,,
6d49894f-7939-4b3c-84fb-511391b0ef0f,1-s2.0-S0960894X08008214-main.pdf,10.1016/j.bmcl.2008.07.054,3,Table 1,pdfplumber_table,5f(MCL-605),,,,,,Ki,5.2,nM,,,Ki,5.2,nM,already canonical,j,OPRK1,binding,binding,,,,valid,,,
6031bb9e-33ee-4328-8106-90883f717216,1-s2.0-S0960894X09003679-main.pdf,,3,Table 1,pdfplumber_table,14 (H 4),,,,,,Ki,52,nM,,,Ki,52.0,nM,already canonical,NOP,OPRL1,binding,binding,,,,valid,,,
e8a1aede-14cb-4061-af44-45134edc9f7b,1-s2.0-S0960894X09003679-main.pdf,,3,Table 1,pdfplumber_table,14 (H 4),,,,,,Ki,15,nM,,,Ki,15.0,nM,already canonical,MOP,OPRM1,binding,binding,,,,valid,,,
641f86e9-175a-45c5-b1ff-f1b826233ed0,1-s2.0-S0960894X09003679-main.pdf,,3,Table 1,pdfplumber_table,15 (143),,,,,,Ki,17,nM,,,Ki,17.0,nM,already canonical,NOP,OPRL1,binding,binding,,,,valid,,,
a3c31327-e71a-46fd-bf64-ee9bdcb81f8d,1-s2.0-S0960894X09003679-main.pdf,,3,Table 1,pdfplumber_table,22 (133),,,,,,Ki,20,nM,,,Ki,20.0,nM,already canonical,NOP,OPRL1,binding,binding,,,,valid,,,
2aa0f2ef-e895-49cb-919f-48c3fb34e4f7,1-s2.0-S0960894X09003679-main.pdf,,3,Table 1,pdfplumber_table,24 (CONH2 401),,,,,,Ki,1315,nM,,,Ki,1315.0,nM,already canonical,NOP,OPRL1,binding,binding,,,,valid,,,
9553fa8d-9f6e-4e2c-a56d-f0e99de0fade,1-s2.0-S0960894X09003679-main.pdf,,3,Table 1,pdfplumber_table,24 (CONH2 401),,,,,,Ki,25,nM,,,Ki,25.0,nM,already canonical,MOP,OPRM1,binding,binding,,,,valid,,,
434634fa-45dd-4ed9-a7f6-c23459f444de,1-s2.0-S0960894X09003679-main.pdf,,3,Table 3,pdfplumber_table,29 (153),,,,,,Ki,18,nM,,,Ki,18.0,nM,already canonical,NOP,OPRL1,binding,binding,,,,valid,,,
57eb44c6-703d-4c57-b41c-c344d24e3492,1-s2.0-S0960894X09003679-main.pdf,,3,Table 3,pdfplumber_table,31 (205),,,,,,Ki,21,nM,,,Ki,21.0,nM,already canonical,NOP,OPRL1,binding,binding,,,,valid,,,
3bd249ec-8c0f-40e7-9f51-9b0d6fc5676f,1-s2.0-S0960894X09003679-main.pdf,,3,Table 2,pdfplumber_table,41 (CONH2 F),,,,,,Ki,3,nM,,,Ki,3.0,nM,already canonical,NOP,OPRL1,binding,binding,,,,valid,,,
958d6f64-99c2-44c3-be36-0e6d48755f59,1-s2.0-S0960894X09003679-main.pdf,,3,Table 2,pdfplumber_table,41 (CONH2 F),,,,,,Ki,85,nM,,,Ki,85.0,nM,already canonical,MOP,OPRM1,binding,binding,,,,valid,,,
7c2d2791-cb90-41db-af96-1f15cab6d771,1-s2.0-S0960894X09003679-main.pdf,,3,Table 2,pdfplumber_table,42 (CONH2 Cl),,,,,,Ki,10,nM,,,Ki,10.0,nM,already canonical,NOP,OPRL1,binding,binding,,,,valid,,,
f7526c82-c9dd-472a-acd9-01fdc32b4a96,1-s2.0-S0960894X09003679-main.pdf,,3,Table 2,pdfplumber_table,42 (CONH2 Cl),,,,,,Ki,284,nM,,,Ki,284.0,nM,already canonical,MOP,OPRM1,binding,binding,,,,valid,,,
3fa96a59-ddd0-4163-bb6d-20b23684ee12,1-s2.0-S0960894X09003679-main.pdf,,3,Table 2,pdfplumber_table,43 (CH2CONH2 F),,,,,,Ki,3,nM,,,Ki,3.0,nM,already canonical,NOP,OPRL1,binding,binding,,,,valid,,,
56686218-7e5f-4efd-b5fb-42e12dc1d067,1-s2.0-S0960894X09003679-main.pdf,,3,Table 2,pdfplumber_table,43 (CH2CONH2 F),,,,,,Ki,190,nM,,,Ki,190.0,nM,already canonical,MOP,OPRM1,binding,binding,,,,valid,,,
ac9164aa-0db9-4581-86e2-cd3bfd9f3fa7,1-s2.0-S0960894X09003679-main.pdf,,3,Table 2,pdfplumber_table,44 (CH2CONH2 OH),,,,,,Ki,17,nM,,,Ki,17.0,nM,already canonical,NOP,OPRL1,binding,binding,,,,valid,,,
fec19a0b-74b6-4ad1-a232-e7c4e9ef86c1,1-s2.0-S0960894X09003679-main.pdf,,3,Table 2,pdfplumber_table,45 (NH2 Cl),,,,,,Ki,36,nM,,,Ki,36.0,nM,already canonical,NOP,OPRL1,binding,binding,,,,valid,,,
7a6b173c-23c3-4370-b9ce-b036c63a5152,1-s2.0-S0960894X09003679-main.pdf,,3,Table 2,pdfplumber_table,45 (NH2 Cl),,,,,,Ki,447,nM,,,Ki,447.0,nM,already canonical,MOP,OPRM1,binding,binding,,,,valid,,,
0de1931f-96b5-43aa-b347-a08bbe25cb38,1-s2.0-S0960894X09003679-main.pdf,,3,Table 2,pdfplumber_table,46 (NHCO2Me Cl),,,,,,Ki,56,nM,,,Ki,56.0,nM,already canonical,NOP,OPRL1,binding,binding,,,,valid,,,
4c552e7e-4bbd-4ff5-bf6d-c8ebcc2c4cfb,1-s2.0-S0960894X09003679-main.pdf,,3,Table 1,pdfplumber_table,15 (468),,,,,,Ki,28,nM,,,Ki,28.0,nM,already canonical,NOP,OPRL1,binding,binding,,,,valid,,,
aef89fdc-9fb7-47a5-8e7c-de474a22e077,1-s2.0-S0960894X09003679-main.pdf,,3,Table 1,pdfplumber_table,15 (468),,,,,,Ki,3,nM,,,Ki,3.0,nM,already canonical,MOP,OPRM1,binding,binding,,,,valid,,,
51dd3677-601d-4f49-8727-82c5256bf4aa,1-s2.0-S0960894X09003679-main.pdf,,3,Table 1,pdfplumber_table,16 (nd),,,,,,Ki,29,nM,,,Ki,29.0,nM,already canonical,NOP,OPRL1,binding,binding,,,,valid,,,
28058b01-a52e-4b46-8c4e-734503be7074,1-s2.0-S0960894X09003679-main.pdf,,3,Table 1,pdfplumber_table,16 (nd),,,,,,Ki,3,nM,,,Ki,3.0,nM,already canonical,MOP,OPRM1,binding,binding,,,,valid,,,
3c2580a5-13bb-4e0d-a403-0ae2dc83ce29,1-s2.0-S0960894X09003679-main.pdf,,3,Table 1,pdfplumber_table,19 (367),,,,,,Ki,32,nM,,,Ki,32.0,nM,already canonical,NOP,OPRL1,binding,binding,,,,valid,,,
144d11c1-4c59-49ca-a653-7c6edae1e355,1-s2.0-S0960894X09003679-main.pdf,,3,Table 1,pdfplumber_table,19 (367),,,,,,Ki,4,nM,,,Ki,4.0,nM,already canonical,MOP,OPRM1,binding,binding,,,,valid,,,
878fd037-0f83-4e82-ba75-8244e8e9cd66,1-s2.0-S0960894X09003679-main.pdf,,3,Table 2,pdfplumber_table,47 (nd),,,,,,Ki,30,nM,,,Ki,30.0,nM,already canonical,NOP,OPRL1,binding,binding,,,,valid,1_exact,,duplicate_merged
45d7f4bc-6c55-4863-8896-7af82bb9dfeb,1-s2.0-S0960894X09003679-main.pdf,,3,Table 2,pdfplumber_table,47 (nd),,,,,,Ki,4,nM,,,Ki,4.0,nM,already canonical,MOP,OPRM1,binding,binding,,,,valid,1_exact,,duplicate_merged
6cfa10e4-d7e4-430d-bd02-1f54cdcdbe8e,1-s2.0-S0960894X09003679-main.pdf,,3,Table 3,pdfplumber_table,26 (6-F 10),,,,,,Ki,348,nM,,,Ki,348.0,nM,already canonical,NOP,OPRL1,binding,binding,,,,valid,,,
d066a174-cfaa-4912-a49a-4440c9b662a8,1-s2.0-S0960894X09003679-main.pdf,,3,Table 3,pdfplumber_table,26 (6-F 10),,,,,,Ki,27,nM,,,Ki,27.0,nM,already canonical,MOP,OPRM1,binding,binding,,,,valid,,,
6738e56a-0a15-421c-8d3c-c4796ef2d457,1-s2.0-S0960894X09003679-main.pdf,,3,Table 4,pdfplumber_table,33 (H H),,,,,,Ki,10,nM,,,Ki,10.0,nM,already canonical,NOP,OPRL1,binding,binding,,,,valid,,,
a8f055e7-d8bd-4d42-8548-74878a845d67,1-s2.0-S0960894X09003679-main.pdf,,3,Table 4,pdfplumber_table,33 (H H),,,,,,Ki,343,nM,,,Ki,343.0,nM,already canonical,MOP,OPRM1,binding,binding,,,,valid,,,
827a574b-d0b7-4074-8ee5-1986d074da09,1-s2.0-S0960894X09003679-main.pdf,,3,Table 4,pdfplumber_table,34 (H F),,,,,,Ki,7,nM,,,Ki,7.0,nM,already canonical,NOP,OPRL1,binding,binding,,,,valid,,,
b5f2e6a3-fa5d-436a-9493-56e03f1f9ecb,1-s2.0-S0960894X09003679-main.pdf,,3,Table 4,pdfplumber_table,34 (H F),,,,,,Ki,209,nM,,,Ki,209.0,nM,already canonical,MOP,OPRM1,binding,binding,,,,valid,,,
05f0aa64-459e-41b8-9145-7597c3986fa8,1-s2.0-S0960894X09003679-main.pdf,,3,Table 4,pdfplumber_table,35 (Ac H),,,,,,Ki,6,nM,,,Ki,6.0,nM,already canonical,NOP,OPRL1,binding,binding,,,,valid,,,
373aa520-21ed-4e58-94ff-b1210a5ff78f,1-s2.0-S0960894X09003679-main.pdf,,3,Table 4,pdfplumber_table,35 (Ac H),,,,,,Ki,312,nM,,,Ki,312.0,nM,already canonical,MOP,OPRM1,binding,binding,,,,valid,,,
3696d907-7233-4717-afdc-b950c97d74f1,1-s2.0-S0960894X09003679-main.pdf,,3,Table 4,pdfplumber_table,36 (Ac F),,,,,,Ki,10,nM,,,Ki,10.0,nM,already canonical,NOP,OPRL1,binding,binding,,,,valid,,,
e358746b-bbb2-4567-b854-5841862c8260,1-s2.0-S0960894X09003679-main.pdf,,3,Table 4,pdfplumber_table,36 (Ac F),,,,,,Ki,601,nM,,,Ki,601.0,nM,already canonical,MOP,OPRM1,binding,binding,,,,valid,,,
4f31f3d7-6298-4654-b88b-abdf08bae2b7,1-s2.0-S0960894X09003679-main.pdf,,3,Table 4,pdfplumber_table,37 (CO2Me H),,,,,,Ki,10,nM,,,Ki,10.0,nM,already canonical,NOP,OPRL1,binding,binding,,,,valid,,,
a45de673-fd13-4e43-936f-b7e489cb938f,1-s2.0-S0960894X09003679-main.pdf,,3,Table 4,pdfplumber_table,37 (CO2Me H),,,,,,Ki,741,nM,,,Ki,741.0,nM,already canonical,MOP,OPRM1,binding,binding,,,,valid,,,
32f0bf10-856e-453d-bfe8-cbe36e3b4aed,1-s2.0-S0960894X09003679-main.pdf,,3,Table 4,pdfplumber_table,38 (CO2Me F),,,,,,Ki,12,nM,,,Ki,12.0,nM,already canonical,NOP,OPRL1,binding,binding,,,,valid,,,
25e55b8a-962d-4cf2-94a8-b803141b7f54,1-s2.0-S0960894X09003679-main.pdf,,3,Table 4,pdfplumber_table,38 (CO2Me F),,,,,,Ki,887,nM,,,Ki,887.0,nM,already canonical,MOP,OPRM1,binding,binding,,,,valid,,,
4db79e98-a0d8-4ebd-a9dc-4fce59063c54,1-s2.0-S0960894X09003679-main.pdf,,3,Table 4,pdfplumber_table,39 (CO2Me Cl),,,,,,Ki,12,nM,,,Ki,12.0,nM,already canonical,NOP,OPRL1,binding,binding,,,,valid,,,
ab9080a7-ad9a-4238-ba91-0ca344f07d5a,1-s2.0-S0960894X09003679-main.pdf,,3,Table 4,pdfplumber_table,39 (CO2Me Cl),,,,,,Ki,961,nM,,,Ki,961.0,nM,already canonical,MOP,OPRM1,binding,binding,,,,valid,,,
79e50c0e-f267-42e7-bc0f-067e8d746887,1-s2.0-S0960894X09003679-main.pdf,,3,Table 4,pdfplumber_table,"40 (Me,Me H)",,,,,,Ki,42,nM,,,Ki,42.0,nM,already canonical,NOP,OPRL1,binding,binding,,,,valid,,,
6a822796-5c3f-4ad3-a220-cbaddcc67d47,1-s2.0-S0960894X09003679-main.pdf,,3,Table 4,pdfplumber_table,"40 (Me,Me H)",,,,,,Ki,840,nM,,,Ki,840.0,nM,already canonical,MOP,OPRM1,binding,binding,,,,valid,,,
acdea9e7-3725-44ef-b219-da8666aa8dc8,1-s2.0-S0960894X09003679-main.pdf,,3,Table 2,pdfplumber_table,47 (N 3),,,,,,Ki,71,nM,,,Ki,71.0,nM,already canonical,NOP,OPRL1,binding,binding,,,,valid,1_exact,,duplicate_merged
36cf5187-ce65-421c-b991-0a58c8a26266,1-s2.0-S0960894X09003679-main.pdf,,3,Table 2,pdfplumber_table,47 (N 3),,,,,,Ki,48,nM,,,Ki,48.0,nM,already canonical,MOP,OPRM1,binding,binding,,,,valid,1_exact,,duplicate_merged
b4a38a2c-eeba-4165-a5ee-bb6a11bb00b3,1-s2.0-S0960894X09003679-main.pdf,,3,Table 5,pdfplumber_table,49 (13),,,,,,Ki,46,nM,,,Ki,46.0,nM,already canonical,NOP,OPRL1,binding,binding,,,,valid,,,
7e03c342-a5c1-4ec6-99f9-0346e1af6089,1-s2.0-S0960894X09003679-main.pdf,,4,Table EC50,pdfplumber_table,15,,,,,,IC50,20,nM,,,IC50,20.0,nM,already canonical,NOP,OPRL1,functional GTPgammaS,functional,,,,valid,,,
c0e69970-4122-429f-8562-368f04cfa4b6,1-s2.0-S0960894X09003679-main.pdf,,4,Table EC50,pdfplumber_table,15,,,,,,IC50,733,nM,,,IC50,733.0,nM,already canonical,MOP,OPRM1,functional GTPgammaS,functional,,,,valid,,,
aaf1c6ba-d636-4a41-8efe-e7b5689b6adc,1-s2.0-S0960894X09003679-main.pdf,,4,Table EC50,pdfplumber_table,16,,,,,,IC50,44,nM,,,IC50,44.0,nM,already canonical,NOP,OPRL1,functional GTPgammaS,functional,,,,valid,,,
26f5458d-6630-4dcc-8c5b-b8e7b4536fb9,1-s2.0-S0960894X09003679-main.pdf,,4,Table EC50,pdfplumber_table,16,,,,,,IC50,368,nM,,,IC50,368.0,nM,already canonical,MOP,OPRM1,functional GTPgammaS,functional,,,,valid,,,
18af65d4-4ff1-4ba5-ad80-6e4fd4a625d0,1-s2.0-S0960894X09003679-main.pdf,,4,Table EC50,pdfplumber_table,17,,,,,,IC50,63,nM,,,IC50,63.0,nM,already canonical,NOP,OPRL1,functional GTPgammaS,functional,,,,valid,,,
80e6adf0-14d0-4da5-b48c-48f8b5d7695c,1-s2.0-S0960894X09003679-main.pdf,,4,Table EC50,pdfplumber_table,17,,,,,,IC50,421,nM,,,IC50,421.0,nM,already canonical,MOP,OPRM1,functional GTPgammaS,functional,,,,valid,,,
0550f400-683f-4977-80f5-a639268203fb,1-s2.0-S0960894X09003679-main.pdf,,4,Table EC50,pdfplumber_table,41,,,,,,IC50,11,nM,,,IC50,11.0,nM,already canonical,NOP,OPRL1,functional GTPgammaS,functional,,,,valid,,,
0032244b-924f-4d4b-8658-1cdbc0f6cb51,1-s2.0-S0960894X09003679-main.pdf,,4,Table EC50,pdfplumber_table,41,,,,,,IC50,540,nM,,,IC50,540.0,nM,already canonical,MOP,OPRM1,functional GTPgammaS,functional,,,,valid,,,
032f411f-ddd2-4648-85cd-92e9f55cca2f,1-s2.0-S0960894X09003679-main.pdf,,4,Table EC50,pdfplumber_table,35,,,,,,IC50,19,nM,,,IC50,19.0,nM,already canonical,NOP,OPRL1,functional GTPgammaS,functional,,,,valid,,,
8b035c61-f356-4e14-8d70-db1033daa046,1-s2.0-S0960894X09003679-main.pdf,,4,Table EC50,pdfplumber_table,35,,,,,,IC50,1933,nM,,,IC50,1933.0,nM,already canonical,MOP,OPRM1,functional GTPgammaS,functional,,,,valid,,,
4b45f9d7-2f61-4b39-a0c5-18823c55af07,1-s2.0-S0960894X09003679-main.pdf,,4,Table EC50,pdfplumber_table,37,,,,,,IC50,87,nM,,,IC50,87.0,nM,already canonical,NOP,OPRL1,functional GTPgammaS,functional,,,,valid,,,
ffb55f3a-7fcf-4a8c-b6a0-3e159669ebb7,1-s2.0-S0960894X09003679-main.pdf,,4,Table EC50,pdfplumber_table,37,,,,,,IC50,3777,nM,,,IC50,3777.0,nM,already canonical,MOP,OPRM1,functional GTPgammaS,functional,,,,valid,,,
b4a31f4b-8582-4c6e-b6b7-928cce69b807,1-s2.0-S0960894X09006222-main.pdf,,2,Table 1,pdfplumber_table,1,,,,,,Ki,29,nM,,,Ki,29.0,nM,already canonical,j,OPRK1,binding,binding,,,,valid,,,
62567515-5f87-464c-b293-8cf5cd4fd739,1-s2.0-S0960894X09006222-main.pdf,,2,Table 1,pdfplumber_table,1,,,,,,Ki,130,nM,,,Ki,130.0,nM,already canonical,l,OPRM1,binding,binding,,,,valid,,,
9ff28eb4-3e99-461a-a8f3-e6947a7810ce,1-s2.0-S0960894X09006222-main.pdf,,2,Table 1,pdfplumber_table,1,,,,,,Ki,2000,nM,,,Ki,2000.0,nM,already canonical,d,OPRD1,binding,binding,,,,valid,,,
af9618ff-2578-459b-8109-9a6845810a09,1-s2.0-S0960894X09006222-main.pdf,,2,Table 1,pdfplumber_table,1,,,,,,IC50,4.5,nM,,,IC50,4.5,nM,already canonical,j,OPRK1,functional antagonism,functional,,,,valid,,,
91b4cbaf-5984-481c-9e34-c56e6b38a2ce,1-s2.0-S0960894X09006222-main.pdf,,2,Table 1,pdfplumber_table,1,,,,,,IC50,440,nM,,,IC50,440.0,nM,already canonical,l,OPRM1,functional antagonism,functional,,,,valid,,,
b1306803-4a08-4501-86d3-c487f165cd57,1-s2.0-S0960894X09006222-main.pdf,,2,Table 1,pdfplumber_table,2,,,,,,Ki,3.8,nM,,,Ki,3.8,nM,already canonical,j,OPRK1,binding,binding,,,,valid,,,
f201e438-5e8d-45ae-b4fc-74c7782f98bd,1-s2.0-S0960894X09006222-main.pdf,,2,Table 1,pdfplumber_table,2,,,,,,Ki,30,nM,,,Ki,30.0,nM,already canonical,l,OPRM1,binding,binding,,,,valid,,,
884497d3-191e-4b25-aeb0-f754d7e337b7,1-s2.0-S0960894X09006222-main.pdf,,2,Table 1,pdfplumber_table,2,,,,,,IC50,7.9,nM,,,IC50,7.9,nM,already canonical,j,OPRK1,functional antagonism,functional,,,,valid,,,
43c080ff-8b99-4d59-b5ed-394651605f70,1-s2.0-S0960894X09006222-main.pdf,,2,Table 1,pdfplumber_table,2,,,,,,IC50,140,nM,,,IC50,140.0,nM,already canonical,l,OPRM1,functional antagonism,functional,,,,valid,,,
ec674e45-c74d-4add-b6d5-3a9888909953,1-s2.0-S0960894X09006222-main.pdf,,2,Table 1,pdfplumber_table,12,,,,,,Ki,5.2,nM,,,Ki,5.2,nM,already canonical,j,OPRK1,binding,binding,,,,valid,,,
13ff4940-cabe-471a-9c6b-1a30af1923f7,1-s2.0-S0960894X09006222-main.pdf,,2,Table 1,pdfplumber_table,12,,,,,,Ki,22,nM,,,Ki,22.0,nM,already canonical,l,OPRM1,binding,binding,,,,valid,,,
dd57d1d1-371c-4626-84a3-c10513c4c94d,1-s2.0-S0960894X09006222-main.pdf,,2,Table 1,pdfplumber_table,12,,,,,,IC50,4.2,nM,,,IC50,4.2,nM,already canonical,j,OPRK1,functional antagonism,functional,,,,valid,,,
d058c65c-b695-47c3-bfc7-7ea3e2bafa22,1-s2.0-S0960894X09006222-main.pdf,,2,Table 1,pdfplumber_table,12,,,,,,IC50,5.0,nM,,,IC50,5.0,nM,already canonical,l,OPRM1,functional antagonism,functional,,,,valid,,,
3d9bad30-14c2-40ef-af97-3f9dcccaea86,1-s2.0-S0960894X09006258-main.pdf,,2,Table (p2),pdfplumber_table,1,,,,,,IC50,350,nM,,,IC50,350.0,nM,already canonical,ORL1,OPRL1,binding,binding,,,,valid,,,
2a67cbd4-430a-4dea-a845-d304b7662df7,1-s2.0-S0960894X09006258-main.pdf,,2,Table (p2),pdfplumber_table,9,,,,,,IC50,75,nM,,,IC50,75.0,nM,already canonical,ORL1,OPRL1,binding,binding,,,,valid,,,
56965b5b-71bd-4f35-bcc9-6c0f2ec5162c,1-s2.0-S0960894X09006258-main.pdf,,2,Table (p2),pdfplumber_table,11,,,,,,IC50,1000,nM,,>,IC50,1000.0,nM,already canonical,ORL1,OPRL1,binding,binding,,,,valid,,,
ba41b199-12fb-4027-8298-c4e69ff3c523,1-s2.0-S0960894X09006258-main.pdf,,3,Table (p3),pdfplumber_table,4,,,,,,IC50,13,nM,,,IC50,13.0,nM,already canonical,ORL1,OPRL1,binding,binding,,,,valid,,,
c41df9b8-24e9-45d6-a3b0-3653133bad65,1-s2.0-S0960894X09006258-main.pdf,,3,Table (p3),pdfplumber_table,4,,,,,,IC50,28,nM,,,IC50,28.0,nM,already canonical,hERG,KCNH2,binding,binding,,,,valid,,,
0ae89827-085b-4c16-b488-a731e8c43ecb,1-s2.0-S0960894X09006258-main.pdf,,3,Table (p3),pdfplumber_table,4,,,,,,IC50,14,nM,,,IC50,14.0,nM,already canonical,ORL1,OPRL1,binding,binding,,,,valid,,,
53ff42f4-2af3-4620-a2ef-6674f6164d74,1-s2.0-S0960894X09006258-main.pdf,,3,Table (p3),pdfplumber_table,15,,,,,,IC50,37,nM,,,IC50,37.0,nM,already canonical,ORL1,OPRL1,binding,binding,,,,valid,,,
e980d0c6-a67d-4607-ba52-09797943cbc0,1-s2.0-S0960894X09006258-main.pdf,,3,Table (p3),pdfplumber_table,15,,,,,,IC50,2900,nM,,,IC50,2900.0,nM,already canonical,hERG,KCNH2,binding,binding,,,,valid,,,
11f29f19-3394-47ad-bcc0-da9b659f636d,1-s2.0-S0960894X09006258-main.pdf,,3,Table (p3),pdfplumber_table,16,,,,,,IC50,1000,nM,,>,IC50,1000.0,nM,already canonical,ORL1,OPRL1,binding,binding,,,,valid,,,
be0715c3-c8c3-441d-b0a9-0644ce829dd6,1-s2.0-S0960894X09006258-main.pdf,,3,Table (p3),pdfplumber_table,16,,,,,,IC50,17,nM,,,IC50,17.0,nM,already canonical,hERG,KCNH2,binding,binding,,,,valid,,,
3e6d5340-5e66-400c-b9f3-b796257526e9,1-s2.0-S0960894X09006258-main.pdf,,3,Table (p3),pdfplumber_table,4,,,,,,IC50,17,nM,,,IC50,17.0,nM,already canonical,ORL1,OPRL1,binding,binding,,,,valid,,,
ff9c29af-cf9e-4958-b083-9bf2310c86aa,1-s2.0-S0960894X09006258-main.pdf,,3,Table (p3),pdfplumber_table,3,,,,,,IC50,18,nM,,,IC50,18.0,nM,already canonical,ORL1,OPRL1,binding,binding,,,,valid,,,
f8ca4c70-d96f-4a74-bc10-5e7e82ffd633,1-s2.0-S0960894X09006258-main.pdf,,3,Table (p3),pdfplumber_table,3,,,,,,IC50,6,nM,,,IC50,6.0,nM,already canonical,ORL1,OPRL1,functional antagonism,functional,,,,valid,,,
46ee0771-c5bd-43da-a8d5-2d3e1c0ae5d8,1-s2.0-S0960894X09006258-main.pdf,,3,Table (p3),pdfplumber_table,11,,,,,,IC50,12,nM,,,IC50,12.0,nM,already canonical,ORL1,OPRL1,binding,binding,,,,valid,,,
4d4b9a9d-43db-4d2f-bba0-29ce09c9ac5b,1-s2.0-S0960894X09006258-main.pdf,,3,Table (p3),pdfplumber_table,11,,,,,,IC50,2700,nM,,,IC50,2700.0,nM,already canonical,ORL1,OPRL1,functional antagonism,functional,,,,valid,,,
2ba780b8-ad65-452e-825c-661557fe5c94,1-s2.0-S0960894X09006258-main.pdf,,3,Table (p3),pdfplumber_table,11,,,,,,IC50,2.1,nM,,,IC50,2.1,nM,already canonical,hERG,KCNH2,binding,binding,,,,valid,,,
22b38b7f-a2cd-4457-aa07-f3fc0d6a0444,1-s2.0-S0960894X09006258-main.pdf,,3,Table (p3),pdfplumber_table,0,,,,,,IC50,4.7,nM,,,IC50,4.7,nM,already canonical,ORL1,OPRL1,binding,binding,,,,valid,,,
7d9d94e4-3154-45f0-b34b-902e55486dfb,1-s2.0-S0960894X09006258-main.pdf,,3,Table (p3),pdfplumber_table,0,,,,,,IC50,16,nM,,,IC50,16.0,nM,already canonical,ORL1,OPRL1,functional antagonism,functional,,,,valid,,,
88268d63-3777-4058-876a-3064f0b2d08b,1-s2.0-S0960894X09006258-main.pdf,,3,Table (p3),pdfplumber_table,7,,,,,,IC50,20,nM,,,IC50,20.0,nM,already canonical,ORL1,OPRL1,binding,binding,,,,valid,,,
09a386b0-a7c3-44fc-85e3-c27c91736c7b,1-s2.0-S0960894X09006258-main.pdf,,3,Table (p3),pdfplumber_table,7,,,,,,IC50,6,nM,,,IC50,6.0,nM,already canonical,ORL1,OPRL1,functional antagonism,functional,,,,valid,,,
55354399-cf45-4221-9edd-fa189326bb16,1-s2.0-S0960894X09006258-main.pdf,,3,Table (p3),pdfplumber_table,2,,,,,,IC50,22,nM,,,IC50,22.0,nM,already canonical,ORL1,OPRL1,binding,binding,,,,valid,,,
de380a19-0d0a-47a5-819c-d834535b584f,1-s2.0-S0960894X09006258-main.pdf,,3,Table (p3),pdfplumber_table,2,,,,,,IC50,5,nM,,,IC50,5.0,nM,already canonical,ORL1,OPRL1,functional antagonism,functional,,,,valid,,,
20dc7fdc-9472-4366-9385-b4c9c919bdcb,1-s2.0-S0960894X09006258-main.pdf,,3,Table (p3),pdfplumber_table,13,,,,,,IC50,9000,nM,,,IC50,9000.0,nM,already canonical,ORL1,OPRL1,binding,binding,,,,valid,,,
d47f0445-b4ae-4c8f-91fe-3298c03d8283,1-s2.0-S0960894X09006258-main.pdf,,3,Table (p3),pdfplumber_table,13,,,,,,IC50,1.6,nM,,,IC50,1.6,nM,already canonical,ORL1,OPRL1,functional antagonism,functional,,,,valid,,,
0f289677-e326-4a27-9a76-40dc5f8d5324,1-s2.0-S0960894X09006258-main.pdf,,3,Table (p3),pdfplumber_table,13,,,,,,IC50,23,nM,,,IC50,23.0,nM,already canonical,hERG,KCNH2,binding,binding,,,,valid,,,
a99bdbd1-d083-4869-abcb-967061c038b4,1-s2.0-S0960894X09006258-main.pdf,,3,Table (p3),pdfplumber_table,2,,,,,,IC50,1200,nM,,,IC50,1200.0,nM,already canonical,ORL1,OPRL1,binding,binding,,,,valid,,,
aa5794ef-6780-44d3-b76a-18409dc00506,1-s2.0-S0960894X09006258-main.pdf,,3,Table (p3),pdfplumber_table,2,,,,,,IC50,2.5,nM,,,IC50,2.5,nM,already canonical,ORL1,OPRL1,functional antagonism,functional,,,,valid,,,
f7c1df2e-33ad-4f3b-8ca9-eb5b6660d6b5,1-s2.0-S0960894X09006258-main.pdf,,4,Table (p4),pdfplumber_table,19,,,,,,IC50,4.0,nM,,,IC50,4.0,nM,already canonical,ORL1,OPRL1,binding,binding,,,,valid,,,
16d66ca1-813f-49c1-a379-8b500d1a0d9d,1-s2.0-S0960894X09006258-main.pdf,,4,Table (p4),pdfplumber_table,19,,,,,,IC50,4.7,nM,,,IC50,4.7,nM,already canonical,ORL1,OPRL1,functional antagonism,functional,,,,valid,,,
342df1b3-e7b7-493f-9560-7258e49e0871,1-s2.0-S0960894X09006258-main.pdf,,4,Table (p4),pdfplumber_table,19,,,,,,IC50,16,nM,,,IC50,16.0,nM,already canonical,hERG,KCNH2,binding,binding,,,,valid,,,
feeeeb76-98f2-4a40-aaa3-ff9c5a2538a9,1-s2.0-S0960894X09006258-main.pdf,,4,Table (p4),pdfplumber_table,7,,,,,,IC50,4.1,nM,,,IC50,4.1,nM,already canonical,ORL1,OPRL1,binding,binding,,,,valid,,,
c60d6e31-66b1-46dc-86ee-d644428d2892,1-s2.0-S0960894X09006258-main.pdf,,4,Table (p4),pdfplumber_table,7,,,,,,IC50,8.2,nM,,,IC50,8.2,nM,already canonical,ORL1,OPRL1,functional antagonism,functional,,,,valid,,,
5c549d43-3fda-4477-978e-aaae5930c5e7,1-s2.0-S0960894X09006258-main.pdf,,4,Table (p4),pdfplumber_table,7,,,,,,IC50,4.5,nM,,,IC50,4.5,nM,already canonical,hERG,KCNH2,binding,binding,,,,valid,,,
3faa02f5-4324-4185-aa11-72c81415298f,1-s2.0-S0960894X09006258-main.pdf,,4,Table (p4),pdfplumber_table,11,,,,,,IC50,7.1,nM,,,IC50,7.1,nM,already canonical,ORL1,OPRL1,binding,binding,,,,valid,,,
01d0624b-2af3-4e62-9b32-1f0a59ef97aa,1-s2.0-S0960894X09006258-main.pdf,,4,Table (p4),pdfplumber_table,11,,,,,,IC50,30,nM,,,IC50,30.0,nM,already canonical,ORL1,OPRL1,functional antagonism,functional,,,,valid,,,
dbc8352e-722d-4e7d-bbe5-0fd076015eb6,1-s2.0-S0960894X09006258-main.pdf,,4,Table (p4),pdfplumber_table,0,,,,,,IC50,1.9,nM,,,IC50,1.9,nM,already canonical,ORL1,OPRL1,binding,binding,,,,valid,,,
2d154d96-d8b3-42e7-bf60-a69d057e8af0,1-s2.0-S0960894X09006258-main.pdf,,4,Table (p4),pdfplumber_table,0,,,,,,IC50,6.9,nM,,,IC50,6.9,nM,already canonical,ORL1,OPRL1,functional antagonism,functional,,,,valid,,,
ccb49d0e-5011-4d39-8977-741a5748837b,1-s2.0-S0960894X09006258-main.pdf,,4,Table (p4),pdfplumber_table,0,,,,,,IC50,4.5,nM,,,IC50,4.5,nM,already canonical,hERG,KCNH2,binding,binding,,,,valid,,,
f9dbd4bb-e931-43e7-b75e-967eab7d9f3e,1-s2.0-S0960894X09006258-main.pdf,,4,Table (p4),pdfplumber_table,5,,,,,,IC50,1.0,nM,,,IC50,1.0,nM,already canonical,ORL1,OPRL1,binding,binding,,,,valid,,,
fed55098-14a9-42eb-bc9b-80d62d613943,1-s2.0-S0960894X09006258-main.pdf,,4,Table (p4),pdfplumber_table,5,,,,,,IC50,29,nM,,,IC50,29.0,nM,already canonical,ORL1,OPRL1,functional antagonism,functional,,,,valid,,,
8ec6a269-ad82-463a-a918-56d9844b3eec,1-s2.0-S0960894X09006258-main.pdf,,4,Table (p4),pdfplumber_table,3,,,,,,IC50,4.4,nM,,,IC50,4.4,nM,already canonical,ORL1,OPRL1,binding,binding,,,,valid,,,
41ac7df7-0130-4edc-9f15-09b325720062,1-s2.0-S0960894X09006258-main.pdf,,4,Table (p4),pdfplumber_table,3,,,,,,IC50,7.4,nM,,,IC50,7.4,nM,already canonical,ORL1,OPRL1,functional antagonism,functional,,,,valid,,,
0ac8821e-db0a-491e-8aa4-5b7cc7a9fdf9,1-s2.0-S0960894X09006258-main.pdf,,4,Table (p4),pdfplumber_table,3,,,,,,IC50,4.5,nM,,,IC50,4.5,nM,already canonical,hERG,KCNH2,binding,binding,,,,valid,,,
93614f47-f618-4f1a-bfa5-3fb66731a527,1-s2.0-S0960894X09006258-main.pdf,,4,Table (p4),pdfplumber_table,3,,,,,,IC50,4.5,nM,,,IC50,4.5,nM,already canonical,ORL1,OPRL1,binding,binding,,,,valid,,,
9e531266-5c5c-47c8-998e-f887262496ba,1-s2.0-S0960894X09006258-main.pdf,,4,Table (p4),pdfplumber_table,3,,,,,,IC50,21,nM,,,IC50,21.0,nM,already canonical,ORL1,OPRL1,functional antagonism,functional,,,,valid,,,
7594412a-df3c-4558-9914-559c0c0f0806,1-s2.0-S0960894X09006258-main.pdf,,4,Table (p4),pdfplumber_table,1,,,,,,IC50,1.4,nM,,,IC50,1.4,nM,already canonical,ORL1,OPRL1,binding,binding,,,,valid,,,
e9218123-abf3-4e91-a30d-f6b5061b21c1,1-s2.0-S0960894X09006258-main.pdf,,4,Table (p4),pdfplumber_table,1,,,,,,IC50,6.5,nM,,,IC50,6.5,nM,already canonical,ORL1,OPRL1,functional antagonism,functional,,,,valid,,,
7efe64a6-5cfe-4e6c-986d-4c534bd42065,1-s2.0-S0960894X09006258-main.pdf,,4,Table (p4),pdfplumber_table,1,,,,,,IC50,4.5,nM,,,IC50,4.5,nM,already canonical,hERG,KCNH2,binding,binding,,,,suspicious,,conflict_0001,value conflict in group
adce857f-6a22-41d8-8d60-e36674bee886,1-s2.0-S0960894X09006258-main.pdf,,4,Table (p4),pdfplumber_table,30,,,,,,IC50,1.1,nM,,,IC50,1.1,nM,already canonical,ORL1,OPRL1,binding,binding,,,,valid,,,
382fdcfe-5d52-4d17-a800-32c0f473a3bc,1-s2.0-S0960894X09006258-main.pdf,,4,Table (p4),pdfplumber_table,30,,,,,,IC50,1.2,nM,,,IC50,1.2,nM,already canonical,ORL1,OPRL1,functional antagonism,functional,,,,valid,,,
4595b0e0-b729-42c7-925f-88b404fa0ecf,1-s2.0-S0960894X09006258-main.pdf,,4,Table (p4),pdfplumber_table,30,,,,,,IC50,23,nM,,,IC50,23.0,nM,already canonical,hERG,KCNH2,binding,binding,,,,valid,,,
8aa8d0ba-438f-48e8-9947-28a58f8b3d04,1-s2.0-S0960894X09006258-main.pdf,,4,Table (p4),pdfplumber_table,1,,,,,,IC50,2.3,nM,,,IC50,2.3,nM,already canonical,ORL1,OPRL1,binding,binding,,,,valid,,,
5fe5031a-0ae8-440d-a1ed-2454f7d25c8c,1-s2.0-S0960894X09006258-main.pdf,,4,Table (p4),pdfplumber_table,1,,,,,,IC50,8.2,nM,,,IC50,8.2,nM,already canonical,ORL1,OPRL1,functional antagonism,functional,,,,valid,,,
3c30baf7-b212-402e-8ba8-d965e2d76b8d,1-s2.0-S0960894X09006258-main.pdf,,4,Table (p4),pdfplumber_table,1,,,,,,IC50,2.1,nM,,,IC50,2.1,nM,already canonical,hERG,KCNH2,binding,binding,,,,suspicious,,conflict_0001,value conflict in group
2c500b69-79b8-431b-a338-f601f2485bdb,1-s2.0-S0960894X09006258-main.pdf,,4,Table (p4),pdfplumber_table,31,,,,,,IC50,0.52,nM,,,IC50,0.52,nM,already canonical,ORL1,OPRL1,binding,binding,,,,valid,1_exact,,duplicate_merged
85a40fcc-eddd-4fe5-9c22-14a95499ae65,1-s2.0-S0960894X09006258-main.pdf,,4,Table (p4),pdfplumber_table,31,,,,,,IC50,0.31,nM,,,IC50,0.31,nM,already canonical,ORL1,OPRL1,functional antagonism,functional,,,,valid,,,
cfc1b13f-8e4d-4809-9942-c15d3a586f10,1-s2.0-S0960894X09006258-main.pdf,,4,Table (p4),pdfplumber_table,31,,,,,,IC50,41,nM,,,IC50,41.0,nM,already canonical,hERG,KCNH2,binding,binding,,,,valid,,,
83af5c86-a313-46f7-89ae-1b58a4a2d81b,1-s2.0-S0960894X09006258-main.pdf,,4,Table (p4),pdfplumber_table,8,,,,,,IC50,1.7,nM,,,IC50,1.7,nM,already canonical,ORL1,OPRL1,binding,binding,,,,valid,,,
453ea5d5-c77c-44da-b993-41e5dad7121f,1-s2.0-S0960894X09006258-main.pdf,,4,Table (p4),pdfplumber_table,8,,,,,,IC50,7.4,nM,,,IC50,7.4,nM,already canonical,ORL1,OPRL1,functional antagonism,functional,,,,valid,,,
dadf6fe5-a540-4546-9dbd-3e9504adf74d,1-s2.0-S0960894X09006258-main.pdf,,4,Table (p4),pdfplumber_table,8,,,,,,IC50,2.1,nM,,,IC50,2.1,nM,already canonical,hERG,KCNH2,binding,binding,,,,valid,,,
d24c9d10-22a8-4266-9403-b72a637b3e53,1-s2.0-S0223523412000402-main.pdf,,,prose,text_regex,22,,,,,,Ki,20,nM,,,Ki,20.0,nM,already canonical,m-opioid,OPRM1,binding,binding,,,,valid,,,extracted from narrative text
e25895dd-fd8e-4283-bc0c-a7c937d86534,1-s2.0-S0223523412000402-main.pdf,,,prose,text_regex,4.6,,,,,,Ki,4b,nM,,,Ki,4.0,nM,already canonical,m-opioid,OPRM1,binding,binding,,,,suspicious,,conflict_0002,extracted from narrative text; value conflict in group
ccaf79f9-4fe2-4196-9cdb-4e7536bef233,1-s2.0-S0223523412000402-main.pdf,,,prose,text_regex,0.19,,,,,,Ki,2b,nM,,,Ki,2.0,nM,already canonical,m-opioid,OPRM1,binding,binding,,,,valid,,,extracted from narrative text
66ef3637-cb8b-4048-8dff-1dc9365e34b3,1-s2.0-S0223523412000402-main.pdf,,,prose,text_regex,74,,,,,,Ki,3b,nM,,,Ki,3.0,nM,already canonical,m-opioid,OPRM1,binding,binding,,,,valid,,,extracted from narrative text
5ac83672-fce1-48b0-a423-03401fd249d0,1-s2.0-S0223523412000402-main.pdf,,,prose,text_regex,54,,,,,,Ki,2a,nM,,,Ki,2.0,nM,already canonical,m-opioid,OPRM1,binding,binding,,,,valid,,,extracted from narrative text
44b49d48-c451-4252-b9e7-c72bd8111d97,1-s2.0-S0223523412000402-main.pdf,,,prose,text_regex,4.6,,,,,,Ki,46,nM,,,Ki,46.0,nM,already canonical,m-opioid,OPRM1,binding,binding,,,,suspicious,,conflict_0002,extracted from narrative text; value conflict in group
e4256a1b-fb25-4c7a-a402-53212c355e88,1-s2.0-S0223523412000402-main.pdf,,,prose,text_regex,4b,,,,,,Ki,74,nM,,,Ki,74.0,nM,already canonical,m-opioid,OPRM1,binding,binding,,,,suspicious,,conflict_0003,extracted from narrative text; value conflict in group
59badc61-6e07-4643-a889-109bbc97982d,1-s2.0-S0223523412000402-main.pdf,,1-4,prose,text_regex,3b,,,,,,Ki,74,nM,,,Ki,74.0,nM,already canonical,m-opioid,OPRM1,binding,binding,,,,valid,,,explicit literature mention
588996b3-54d4-4dff-9d09-27d43cc49eec,1-s2.0-S0223523412000402-main.pdf,,1-4,prose,text_regex,4b,,,,,,Ki,4.6,nM,,,Ki,4.6,nM,already canonical,m-opioid,OPRM1,binding,binding,,,,suspicious,,conflict_0003,explicit literature mention; value conflict in group
e2bb3631-3caa-4cfb-8689-921f30b280a2,1-s2.0-S0223523412000402-main.pdf,,1-4,prose,text_regex,2b,,,,,,Ki,0.19,nM,,,Ki,0.19,nM,already canonical,m-opioid,OPRM1,binding,binding,,,,valid,,,explicit literature mention
5edba371-77b4-4295-b441-da37446554d7,1-s2.0-S0223523412000402-main.pdf,,1-4,prose,text_regex,20,,,,,,Ki,22,nM,,,Ki,22.0,nM,already canonical,m-opioid,OPRM1,binding,binding,,,,valid,,,explicit literature mention
53b6eee7-2aac-4a1e-8839-2720cdf54188,1-s2.0-S0223523412000402-main.pdf,,1-4,prose,text_regex,20,,,,,,Ki,140,nM,,,Ki,140.0,nM,already canonical,k-opioid,OPRK1,binding,binding,,,,valid,,,explicit literature mention
605a0242-6943-4724-9dc7-14ae0d139996,1-s2.0-S0223523412000402-main.pdf,,1-4,prose,text_regex,2a,,,,,,Ki,54,nM,,,Ki,54.0,nM,already canonical,m-opioid,OPRM1,binding,binding,,,,valid,,,explicit literature mention
13475371-ed63-43dc-ac0a-69a08f46fd1b,further-studies-at-neuropeptide-s-position-5-discovery-of-novel-neuropeptide-s-receptor-antagonists.pdf,,3,Table 2,coordinate_cluster,[tBu-D-Gly5]NPS,[tBu-D-Gly5]NPS,,,,peptide_sequence_only,pEC50,10.24,pX,,,pEC50,10.24,pX,log scale preserved,NK-1,TACR1,functional control,functional,,CHO recombinant,agonist=substance P,valid,,,Emax=122%
c12db259-b800-4d17-92cc-57ce99f8b1c9,further-studies-at-neuropeptide-s-position-5-discovery-of-novel-neuropeptide-s-receptor-antagonists.pdf,,3,Table 2,coordinate_cluster,[tBu-D-Gly5]NPS,[tBu-D-Gly5]NPS,,,,peptide_sequence_only,pEC50,10.31,pX,,,pEC50,10.31,pX,log scale preserved,NK-1,TACR1,functional test,functional,,CHO recombinant,agonist=substance P,valid,,,Emax=113%
1bccce30-ee01-4da4-a163-13c7d6fa6918,further-studies-at-neuropeptide-s-position-5-discovery-of-novel-neuropeptide-s-receptor-antagonists.pdf,,3,Table 2,coordinate_cluster,[tBu-D-Gly5]NPS,[tBu-D-Gly5]NPS,,,,peptide_sequence_only,pEC50,10.31,pX,,,pEC50,10.31,pX,log scale preserved,B2,BDKRB2,functional control,functional,,CHO recombinant,agonist=bradykinin,suspicious,,conflict_0004,Emax=125%; value conflict in group
efc1ab7a-6f05-4516-9a8e-325ea46318e9,further-studies-at-neuropeptide-s-position-5-discovery-of-novel-neuropeptide-s-receptor-antagonists.pdf,,3,Table 2,coordinate_cluster,[tBu-D-Gly5]NPS,[tBu-D-Gly5]NPS,,,,peptide_sequence_only,pEC50,2,pX,,,pEC50,2.0,pX,log scale preserved,B2,BDKRB2,functional test,functional,,CHO recombinant,agonist=bradykinin,suspicious,,conflict_0004,Emax=10%; value conflict in group
97b5ae70-6636-401b-bf1c-0042491e4b61,further-studies-at-neuropeptide-s-position-5-discovery-of-novel-neuropeptide-s-receptor-antagonists.pdf,,3,Table 2,coordinate_cluster,[tBu-D-Gly5]NPS,[tBu-D-Gly5]NPS,,,,peptide_sequence_only,pEC50,8.39,pX,,,pEC50,8.39,pX,log scale preserved,UT,UTS2R,functional control,functional,,CHO recombinant,agonist=urotensin-II,suspicious,,conflict_0005,Emax=224%; value conflict in group
2a677426-cefc-4d33-b73d-ff7e4985826a,further-studies-at-neuropeptide-s-position-5-discovery-of-novel-neuropeptide-s-receptor-antagonists.pdf,,3,Table 2,coordinate_cluster,[tBu-D-Gly5]NPS,[tBu-D-Gly5]NPS,,,,peptide_sequence_only,pEC50,21,pX,,,pEC50,21.0,pX,log scale preserved,UT,UTS2R,functional test,functional,,CHO recombinant,agonist=urotensin-II,suspicious,,conflict_0005,Emax=8%; value conflict in group
43f2e46b-54d4-4d8e-927c-5e213612a6dc,further-studies-at-neuropeptide-s-position-5-discovery-of-novel-neuropeptide-s-receptor-antagonists.pdf,,3,Table 2,coordinate_cluster,[tBu-D-Gly5]NPS,[tBu-D-Gly5]NPS,,,,peptide_sequence_only,pEC50,7.98,pX,,,pEC50,7.98,pX,log scale preserved,MOP,OPRM1,functional control,functional,,CHO recombinant,agonist=dermorphin,valid,,,Emax=186%
769f1171-cdc7-4997-ac56-72cbfa30b69c,further-studies-at-neuropeptide-s-position-5-discovery-of-novel-neuropeptide-s-receptor-antagonists.pdf,,3,Table 2,coordinate_cluster,[tBu-D-Gly5]NPS,[tBu-D-Gly5]NPS,,,,peptide_sequence_only,pEC50,11,pX,,,pEC50,11.0,pX,log scale preserved,MOP,OPRM1,functional test,functional,,CHO recombinant,agonist=dermorphin,valid,,,Emax=7%
9fcd763b-8eec-4b54-933b-d3b9363601fb,further-studies-at-neuropeptide-s-position-5-discovery-of-novel-neuropeptide-s-receptor-antagonists.pdf,,3,Table 2,coordinate_cluster,[tBu-D-Gly5]NPS,[tBu-D-Gly5]NPS,,,,peptide_sequence_only,pEC50,8.53,pX,,,pEC50,8.53,pX,log scale preserved,DOP,DOP,functional control,functional,,CHO recombinant,agonist=DPDPE,suspicious,,conflict_0006,Emax=169%; value conflict in group
33aa4468-cfc6-4d51-ae6d-62b593487779,further-studies-at-neuropeptide-s-position-5-discovery-of-novel-neuropeptide-s-receptor-antagonists.pdf,,3,Table 2,coordinate_cluster,[tBu-D-Gly5]NPS,[tBu-D-Gly5]NPS,,,,peptide_sequence_only,pEC50,26,pX,,,pEC50,26.0,pX,log scale preserved,DOP,DOP,functional test,functional,,CHO recombinant,agonist=DPDPE,suspicious,,conflict_0006,Emax=8%; value conflict in group
664a83ef-02bc-4f5f-b4db-7945b1b7edac,further-studies-at-neuropeptide-s-position-5-discovery-of-novel-neuropeptide-s-receptor-antagonists.pdf,,3,Table 2,coordinate_cluster,[tBu-D-Gly5]NPS,[tBu-D-Gly5]NPS,,,,peptide_sequence_only,pEC50,8.20,pX,,,pEC50,8.2,pX,log scale preserved,KOP,KOP,functional control,functional,,CHO recombinant,agonist=dynorphin A,valid,,,Emax=143%
faa15371-73d0-4ef8-8284-cf7d45333d86,further-studies-at-neuropeptide-s-position-5-discovery-of-novel-neuropeptide-s-receptor-antagonists.pdf,,3,Table 2,coordinate_cluster,[tBu-D-Gly5]NPS,[tBu-D-Gly5]NPS,,,,peptide_sequence_only,pEC50,12,pX,,,pEC50,12.0,pX,log scale preserved,KOP,KOP,functional test,functional,,CHO recombinant,agonist=dynorphin A,valid,,,Emax=8%
1f4b5af1-6ff3-4e42-a0e6-34dd4fd3b360,further-studies-at-neuropeptide-s-position-5-discovery-of-novel-neuropeptide-s-receptor-antagonists.pdf,,3,Table 2,coordinate_cluster,[tBu-D-Gly5]NPS,[tBu-D-Gly5]NPS,,,,peptide_sequence_only,pEC50,9.41,pX,,,pEC50,9.41,pX,log scale preserved,NOP,OPRL1,functional control,functional,,CHO recombinant,agonist=N/OFQ,valid,,,Emax=231%
308d1258-bc26-44a4-976f-89d391e2652b,further-studies-at-neuropeptide-s-position-5-discovery-of-novel-neuropeptide-s-receptor-antagonists.pdf,,3,Table 2,coordinate_cluster,[tBu-D-Gly5]NPS,[tBu-D-Gly5]NPS,,,,peptide_sequence_only,pEC50,12,pX,,,pEC50,12.0,pX,log scale preserved,NOP,OPRL1,functional test,functional,,CHO recombinant,agonist=N/OFQ,valid,,,Emax=9%
0b802a50-e8c6-403b-9f53-ea68edcf565d,further-studies-at-neuropeptide-s-position-5-discovery-of-novel-neuropeptide-s-receptor-antagonists.pdf,,2-3,Table 1 (image),prose,[tBu-D-Gly5]NPS,[tBu-D-Gly5]NPS,,,,peptide_sequence_only,pKB,7.06,pX,,,pKB,7.06,pX,log scale preserved,NPSR,NPSR,functional,functional,,,,manual_review,,,Table 1 is image-only; antagonist vs 30 nM NPS
06b84013-b417-4df8-b44a-047b0395590f,further-studies-at-neuropeptide-s-position-5-discovery-of-novel-neuropeptide-s-receptor-antagonists.pdf,,2-3,Table 1 (image),prose,[tBu-D-Gly5]NPS,[tBu-D-Gly5]NPS,,,,peptide_sequence_only,pKB,6.78,pX,,,pKB,6.78,pX,log scale preserved,NPSR,NPSR,functional,functional,,,,manual_review,,,Table 1 is image-only; Schild analysis
0c0493bd-efb0-4496-8b3f-83fc374464b0,further-studies-at-neuropeptide-s-position-5-discovery-of-novel-neuropeptide-s-receptor-antagonists.pdf,,2-3,Table 1 (image),prose,[D-Thr5]NPS,[D-Thr5]NPS,,,,peptide_sequence_only,pKB,,,,,pKB,,,,NPSR,NPSR,functional,functional,,,,suspicious,,,Table 1 is image-only; partial agonist R=0.08; missing value
8b13ae7d-9d9f-475d-bbcb-470d3226fce6,further-studies-at-neuropeptide-s-position-5-discovery-of-novel-neuropeptide-s-receptor-antagonists.pdf,,2-3,Table 1 (image),prose,[D-allo-Thr5]NPS,[D-allo-Thr5]NPS,,,,peptide_sequence_only,pKB,,,,,pKB,,,,NPSR,NPSR,functional,functional,,,,suspicious,,,Table 1 is image-only; antagonist R=0; missing value
ad75077e-ebe0-4389-bc2a-fa3043da5ee2,further-studies-at-neuropeptide-s-position-5-discovery-of-novel-neuropeptide-s-receptor-antagonists.pdf,,2-3,Table 1 (image),prose,[D-Val5]NPS,[D-Val5]NPS,,,,peptide_sequence_only,pKB,,,,,pKB,,,,NPSR,NPSR,functional,functional,,,,suspicious,,,Table 1 is image-only; reference peptide; missing value
3ed84e15-cd97-4c3f-a5a6-b5b872d40cc2,further-studies-at-neuropeptide-s-position-5-discovery-of-novel-neuropeptide-s-receptor-antagonists.pdf,,2-3,Table 1 (image),prose,NPS,NPS,,,,peptide_sequence_only,pEC50,8.32,pX,,,pEC50,8.32,pX,log scale preserved,NPSR,NPSR,functional,functional,,,,manual_review,,,Table 1 is image-only; agonist reference
e95e1db6-995c-459c-8f91-5894114ae8a7,synthesis-and-evaluation-of-dibenzothiazepines-a-novel-class-of-selective-cannabinoid-1-receptor-inverse-agonists.pdf,,3-5,Table 1 (image),prose,12a,,,,,,pIC50,,,,,pIC50,,,,CB1,CNR1,functional,functional,,,,suspicious,,,functional inverse agonist; Table 1 image; missing value
51b78e41-5afa-4189-b68c-115c53bc0758,synthesis-and-evaluation-of-dibenzothiazepines-a-novel-class-of-selective-cannabinoid-1-receptor-inverse-agonists.pdf,,3-5,Table 1 (image),prose,12k,,,,,,pKi,8.9,pX,,,pKi,8.9,pX,log scale preserved,CB1,CNR1,binding,binding,,,,manual_review,,,mentioned in text
8b7906c1-e4c7-4d93-b0b4-24ef2f260e48,synthesis-and-evaluation-of-dibenzothiazepines-a-novel-class-of-selective-cannabinoid-1-receptor-inverse-agonists.pdf,,3-5,Table 1 (image),prose,12j,,,,,,pKi,8.8,pX,,,pKi,8.8,pX,log scale preserved,CB1,CNR1,binding,binding,,,,manual_review,,,mentioned in text
ef25702a-c550-41e9-92fa-27340ac11b0d,synthesis-and-evaluation-of-dibenzothiazepines-a-novel-class-of-selective-cannabinoid-1-receptor-inverse-agonists.pdf,,3-5,Table 1 (image),prose,12e,,,,,,pIC50,,,,,pIC50,,,,CB1,CNR1,functional,functional,,,,suspicious,1_exact,,reference compound in SAR discussion; missing value; duplicate_merged
82a120a9-ba12-4c04-a009-535c70879d57,synthesis-and-evaluation-of-dibenzothiazepines-a-novel-class-of-selective-cannabinoid-1-receptor-inverse-agonists.pdf,,3-5,Table 1 (image),prose,12b,,,,,,pIC50,,,,,pIC50,,,,CB1,CNR1,functional,functional,,,,suspicious,,,equipotent with 12d in inverse agonist assay; missing value
22e33e81-6f55-4a21-bdcc-22538d2f2c22,synthesis-and-evaluation-of-dibenzothiazepines-a-novel-class-of-selective-cannabinoid-1-receptor-inverse-agonists.pdf,,3-5,Table 1 (image),prose,12d,,,,,,pIC50,,,,,pIC50,,,,CB1,CNR1,functional,functional,,,,suspicious,,,equipotent with 12b; missing value
77eb70bd-5ade-4402-aed4-4f98d3394149,synthesis-and-evaluation-of-dibenzothiazepines-a-novel-class-of-selective-cannabinoid-1-receptor-inverse-agonists.pdf,,3-5,Table 1 (image),prose,rimonabant,rimonabant,CC1=C(N(N=C1C(=O)NN2CCCCC2)C3=C(C=C(C=C3)Cl)Cl)C4=CC=C(C=C4)Cl,JZCPYUJPEARBJL-UHFFFAOYSA-N,104850,pubchem_name,pIC50,,,,,pIC50,,,,CB1,CNR1,functional,functional,,,,suspicious,,,reference standard (compound 1); missing value
fb79751e-9d1d-4f0d-97d9-7a8e37c66323,synthesis-and-evaluation-of-dibenzothiazepines-a-novel-class-of-selective-cannabinoid-1-receptor-inverse-agonists.pdf,,3-5,Table 1 (image),prose,12f,,,,,,pIC50,,,,,pIC50,,,,CB1,CNR1,functional,functional,,,,suspicious,,,10x more active than 12g (2-Cl); missing value
f286e945-35c6-4db2-8107-7f656c6934dc,synthesis-and-evaluation-of-dibenzothiazepines-a-novel-class-of-selective-cannabinoid-1-receptor-inverse-agonists.pdf,,3-5,Table 1 (image),prose,12g,,,,,,pIC50,,,,,pIC50,,,,CB1,CNR1,functional,functional,,,,suspicious,,,2-chlorophenyl analogue; missing value
24eaa66a-7647-41ae-824e-73ae0b789b40,synthesis-and-evaluation-of-dibenzothiazepines-a-novel-class-of-selective-cannabinoid-1-receptor-inverse-agonists.pdf,,,prose,prose,12h,,,,,,pIC50,,,,,pIC50,,,,CB1,CNR1,functional,functional,,,,suspicious,,,compound mentioned; numeric values in image tables only; missing value
